keys,en,fr,pt_BR,es
TITLE_SUBTITLE,quiet logic for clever paws,logique douce pour pattes malignes,lógica calma para patas espertas,lógica tranquila para patas listas
ROOM_LABEL,ROOM %02d,SALLE %02d,SALA %02d,SALA %02d
CATS_COUNT,%d / %d  CATS,%d / %d  CHATS,%d / %d  GATOS,%d / %d  GATOS
GUIDANCE_SEAT,SEAT ALL CATS,PLACE LES CHATS,SENTE OS GATOS,COLOCA GATOS
GUIDANCE_MOVE,MOVE ONE CAT,DÉPLACE UN CHAT,MOVA UM GATO,MUEVE UN GATO
RULE_COLOR,1 / COLOR,1/COULEUR,1 / COR,1 / COLOR
RULE_LINE,1 / LINE,1 / LIGNE,1 / LINHA,1 / LÍNEA
RULE_TOUCH,NO TOUCH,ESPACÉS,SEM TOQUE,NO TOCAR
FOOTER_HOWTO,TAP TO MARK  ·  DOUBLE-TAP TO PLACE,APPUI = CROIX  ·  DOUBLE APPUI = CHAT,TOQUE = CRUZ  ·  DUPLO = GATO,TOQUE = CRUZ  ·  DOBLE TOQUE = GATO
BUTTON_UNDO,UNDO,ANNULER,DESFAZER,ANULAR
BUTTON_HINT,HINT,INDICE,DICA,PISTA
BUTTON_RESTART,RESTART,REJOUER,REINÍCIO,REINICIAR
DIFFICULTY_5,COZY SHIFT  ·  5 × 5,GARDE DOUCE  ·  5 × 5,TURNO CALMO  ·  5 × 5,TURNO TRANQUILO  ·  5 × 5
DIFFICULTY_6,CLEVER SHIFT  ·  6 × 6,GARDE MALINE  ·  6 × 6,TURNO ESPERTO  ·  6 × 6,TURNO ASTUTO  ·  6 × 6
DIFFICULTY_7,MOONLIT SHIFT  ·  7 × 7,GARDE LUNAIRE  ·  7 × 7,TURNO LUAR  ·  7 × 7,TURNO LUNAR  ·  7 × 7
TOAST_ALL_SEATED,ALL CATS ARE SEATED — MOVE ONE FIRST,TOUS ASSIS — DÉPLACE UN CHAT,TODOS SENTADOS — MOVA UM GATO,TODOS SENTADOS — MUEVE UN GATO
REASON_TOUCH,"Cats cannot touch, even diagonally.",Les chats ne se touchent jamais.,Gatos nunca podem se tocar.,"Los gatos no se tocan, ni en diagonal."
REASON_ROW,That row already has a cat.,Cette ligne a déjà un chat.,Esta linha já tem um gato.,Esa fila ya tiene un gato.
REASON_COLUMN,That column already has a cat.,Cette colonne a déjà un chat.,Esta coluna já tem um gato.,Esa columna ya tiene un gato.
REASON_COLOR,That color already has its cat.,Cette couleur a déjà son chat.,Esta cor já tem o seu gato.,Ese color ya tiene su gato.
TOAST_NOTHING_TO_UNDO,Nothing to sweep back yet.,Rien à annuler pour l'instant.,Ainda não há nada para desfazer.,Aún no hay nada que deshacer.
TOAST_UNDONE,Last sweep restored.,Dernier coup annulé.,Última jogada desfeita.,Última jugada deshecha.
TOAST_TUTORIAL_DONE,PURRFECT! NOW USE THE THREE RULES.,PARFAIT ! À TOI LES TROIS RÈGLES.,PURRFEITO! AGORA AS TRÊS REGRAS.,¡PURRFECTO! USA LAS TRES REGLAS.
TOAST_ALL_PLACED,EVERY CAT IS ALREADY SEATED.,TOUS LES CHATS SONT PLACÉS.,TODOS OS GATOS JÁ SENTARAM.,TODOS LOS GATOS ESTÁN SENTADOS.
TOAST_NO_HINTS_LEFT,NO MORE HINTS IN THIS ROOM.,PLUS D'INDICES DANS CETTE SALLE.,SEM MAIS DICAS NESTA SALA.,NO QUEDAN PISTAS EN ESTA SALA.
MOVE_GLOWING_CAT,MOVE THE GLOWING CAT,DÉPLACE LE CHAT QUI BRILLE,MOVA O GATO BRILHANTE,MUEVE EL GATO QUE BRILLA
HINT_SEAT_HERE,DOUBLE-TAP THE GLOWING SEAT,DOUBLE APPUI SUR LA CASE ÉCLAIRÉE,TOQUE DUPLO NO LUGAR BRILHANTE,DOBLE TOQUE EN LA CASILLA ILUMINADA
TUTORIAL_MARK,TAP THE GLOW TO RULE IT OUT,APPUIE SUR LA CASE QUI BRILLE,TOQUE NO LUGAR BRILHANTE,TOCA LA LUZ PARA DESCARTAR
TUTORIAL_FIRST_CAT,DOUBLE-TAP THE GLOW TO SEAT A CAT,APPUIE DEUX FOIS POUR ASSEOIR UN CHAT,TOQUE DUPLO PARA SENTAR UM GATO,DOBLE TOQUE PARA SENTAR UN GATO
TUTORIAL_WHY_TOUCH,IT SITS NEXT TO THE SLEEPING CAT,ELLE TOUCHE LE CHAT ENDORMI,ENCOSTA NO GATO ADORMECIDO,ESTÁ JUNTO AL GATO DORMIDO
TUTORIAL_WHY_BLOCKED,THE SLEEPING CAT BLOCKS THE REST,LE CHAT ENDORMI BLOQUE LE RESTE,O GATO ADORMECIDO BLOQUEIA O RESTO,EL GATO DORMIDO BLOQUEA EL RESTO
TUTORIAL_WHY_ROW,THE NEW CAT CLEARS THIS ROW,LE NOUVEAU CHAT VIDE CETTE LIGNE,O NOVO GATO LIMPA ESTA LINHA,EL NUEVO GATO DESCARTA ESTA FILA
TUTORIAL_WHY_COLUMN,A USED COLOR AND COLUMN CLEAR IT,COULEUR ET COLONNE DÉJÀ PRISES,COR E COLUNA JÁ ESTÃO USADAS,COLOR Y COLUMNA YA ESTÁN OCUPADOS
TUTORIAL_WHY_COLOR,TWO COLUMNS AND A COLOR ARE USED,DEUX COLONNES ET UNE COULEUR PRISES,DUAS COLUNAS E UMA COR USADAS,DOS COLUMNAS Y UN COLOR OCUPADOS
RULES_TITLE,HOW TO PLAY,COMMENT JOUER,COMO JOGAR,CÓMO JUGAR
RULES_COLOR,One cat in every color patch.,Un chat dans chaque couleur.,Um gato em cada cor.,Un gato en cada zona de color.
RULES_LINE,One cat in every row and column.,Un chat par ligne et par colonne.,Um gato por linha e por coluna.,Un gato en cada fila y columna.
RULES_START,TAP ANYWHERE TO START,TOUCHE L'ÉCRAN POUR COMMENCER,TOQUE PARA COMEÇAR,TOCA LA PANTALLA PARA EMPEZAR
FEEDBACK_SO_CLOSE,SO CLOSE!,PRESQUE !,QUASE!,¡CASI!
WIN_TITLE,PURRFECT SWEEP!,RONRON PARFAIT !,RONRONS PERFEITOS!,¡PURRFECTO!
WIN_TIME,Room %02d cleared in %s,Salle %02d terminée en %s,Sala %02d concluída em %s,Sala %02d completada en %s
WIN_SUBTITLE,Every cat follows all three rules,Chaque chat suit les trois règles,Cada gato segue as três regras,Cada gato sigue las tres reglas
WIN_NEXT,NEXT ROOM,SALLE SUIVANTE,PRÓXIMA SALA,SIGUIENTE SALA
